name	insns_ours	insns_orig	delta	status	error_cat	diff_summary	hand_tuned
FUN_06002280	-	-	-	no_expected	-	-	tuned
FUN_06002348	-	-	-	no_expected	-	-	tuned
FUN_060023E6	-	-	-	no_expected	-	-	tuned
FUN_06002404	-	-	-	no_expected	-	-	tuned
FUN_0600245C	-	-	-	no_expected	-	-	tuned
FUN_06002486	-	-	-	no_expected	-	-	tuned
FUN_060024D8	-	-	-	no_expected	-	-	tuned
FUN_06002510	-	-	-	no_expected	-	-	tuned
FUN_0600255C	-	-	-	no_expected	-	-	tuned
FUN_06002594	-	-	-	no_expected	-	-	tuned
FUN_060026DC	-	-	-	no_expected	-	-	tuned
FUN_0600270A	-	-	-	no_expected	-	-	tuned
FUN_06002D88	-	-	-	no_expected	-	-	tuned
FUN_060030FC	95	111	-16	FAIL	delay_slot	40_diffs	tuned
FUN_06003218	58	46	12	FAIL	sign_ext	36_diffs	tuned
FUN_06003274	-	31	-	compile_error	void_value	void value not ignored as it ought to be	tuned
FUN_060032D4	29	27	2	FAIL	addressing	8_diffs	tuned
FUN_0600330A	51	44	7	FAIL	addressing	27_diffs	tuned
FUN_0600338C	44	45	-1	FAIL	call_encoding	47_diffs	tuned
FUN_060033E6	20	16	4	FAIL	call_encoding	18_diffs	tuned
FUN_06003430	24	27	-3	FAIL	call_encoding	25_diffs	tuned
FUN_06003578	295	336	-41	FAIL	call_encoding	239_diffs	tuned
FUN_060038D4	71	70	1	FAIL	call_encoding	27_diffs	tuned
FUN_060039C8	29	21	8	FAIL	call_encoding	20_diffs	tuned
FUN_060039F2	31	23	8	FAIL	call_encoding	20_diffs	tuned
FUN_06003A3C	-	1431	-	compile_error	void_value	void value not ignored as it ought to be	tuned
FUN_06004670	304	520	-216	FAIL	multiply	456_diffs	tuned
FUN_06004A98	-	489	-	compile_error	void_value	void value not ignored as it ought to be	tuned
FUN_06004F14	167	10	157	FAIL	call_encoding	157_diffs	tuned
FUN_0600508A	58	61	-3	FAIL	multiply	45_diffs	tuned
FUN_0600511E	26	30	-4	FAIL	call_encoding	32_diffs	tuned
FUN_06005174	18	18	0	FAIL	scheduling	4_diffs	tuned
FUN_06005198	117	125	-8	FAIL	delay_slot	86_diffs	tuned
FUN_06005294	-	114	-	compile_error	void_value	void value not ignored as it ought to be	tuned
FUN_060053AC	-	89	-	compile_error	void_value	void value not ignored as it ought to be	tuned
FUN_060054EA	11	12	-1	FAIL	addressing	3_diffs	tuned
FUN_0600553C	49	50	-1	FAIL	call_encoding	29_diffs	tuned
FUN_060055BC	-	210	-	compile_error	void_value	void value not ignored as it ought to be	tuned
FUN_06005788	153	10	143	FAIL	call_encoding	143_diffs	tuned
FUN_060058FA	9	9	0	PASS	-	-	tuned
FUN_06005928	94	116	-22	FAIL	call_encoding	96_diffs	tuned
FUN_06005A22	77	96	-19	FAIL	call_encoding	83_diffs	tuned
FUN_06005AE8	-	190	-	compile_error	void_value	void value not ignored as it ought to be	tuned
FUN_06005C98	-	152	-	compile_error	void_value	void value not ignored as it ought to be	tuned
FUN_06005DD4	99	118	-19	FAIL	delay_slot	77_diffs	tuned
FUN_06005ECC	-	353	-	compile_error	void_value	void value not ignored as it ought to be	tuned
FUN_060061C8	84	77	7	FAIL	call_encoding	25_diffs	tuned
FUN_0600629C	-	290	-	compile_error	invalid_deref	invalid type argument of `unary *'	tuned
FUN_060064F2	-	332	-	compile_error	void_value	void value not ignored as it ought to be	tuned
FUN_060067C8	-	29	-	compile_error	void_value	void value not ignored as it ought to be	tuned
FUN_06006838	17	19	-2	FAIL	multiply	14_diffs	tuned
FUN_06006868	-	262	-	compile_error	void_value	void value not ignored as it ought to be	tuned
FUN_06006A9C	-	272	-	compile_error	void_value	void value not ignored as it ought to be	tuned
FUN_06006CDC	-	286	-	compile_error	cc1_crash	void value not ignored as it ought to be	tuned
FUN_0600736C	95	2	93	FAIL	call_encoding	93_diffs	tuned
FUN_06007540	47	40	7	FAIL	multiply	43_diffs	tuned
FUN_06007590	71	62	9	FAIL	delay_slot	77_diffs	tuned
FUN_06007658	-	145	-	compile_error	void_value	void value not ignored as it ought to be	tuned
FUN_06007790	-	154	-	compile_error	void_value	void value not ignored as it ought to be	tuned
FUN_060078DC	129	144	-15	FAIL	call_encoding	113_diffs	tuned
FUN_06007A50	-	163	-	compile_error	void_value	void value not ignored as it ought to be	tuned
FUN_06007BCC	103	111	-8	FAIL	call_encoding	70_diffs	tuned
FUN_060081F4	119	141	-22	FAIL	call_encoding	122_diffs	tuned
FUN_06008318	-	105	-	compile_error	void_value	void value not ignored as it ought to be	tuned
FUN_06008418	40	36	4	FAIL	call_encoding	18_diffs	tuned
FUN_06008460	40	51	-11	FAIL	call_encoding	25_diffs	tuned
FUN_060084CA	74	74	0	FAIL	delay_slot	30_diffs	tuned
FUN_060085B8	58	54	4	FAIL	delay_slot	36_diffs	tuned
FUN_06008640	53	50	3	FAIL	call_encoding	39_diffs	tuned
FUN_060086C0	36	235	-199	FAIL	call_encoding	207_diffs	tuned
FUN_06008730	-	175	-	compile_error	invalid_deref	invalid type argument of `unary *'	tuned
FUN_06009E02	22	25	-3	FAIL	call_encoding	13_diffs	tuned
FUN_06009FFC	21	2	19	FAIL	call_encoding	19_diffs	tuned
FUN_0600A026	30	34	-4	FAIL	mixed	4_diffs	tuned
FUN_0600A084	33	30	3	FAIL	call_encoding	35_diffs	tuned
FUN_0600A0C0	44	38	6	FAIL	call_encoding	26_diffs	tuned
FUN_0600A140	44	45	-1	FAIL	addressing	17_diffs	tuned
FUN_0600A1B8	34	31	3	FAIL	delay_slot	21_diffs	tuned
FUN_0600A1F6	46	54	-8	FAIL	delay_slot	56_diffs	tuned
FUN_0600A294	57	43	14	FAIL	delay_slot	58_diffs	tuned
FUN_0600A33C	33	23	10	FAIL	delay_slot	34_diffs	tuned
FUN_0600A392	-	36	-	compile_error	void_value	void value not ignored as it ought to be	tuned
FUN_0600A474	28	2	26	FAIL	call_encoding	26_diffs	tuned
FUN_0600A4AA	14	16	-2	FAIL	call_encoding	6_diffs	tuned
FUN_0600A4CA	-	107	-	compile_error	void_value	void value not ignored as it ought to be	tuned
FUN_0600A5B2	28	27	1	FAIL	call_encoding	17_diffs	tuned
FUN_0600A76C	127	116	11	FAIL	call_encoding	85_diffs	tuned
FUN_0600A8BC	32	34	-2	FAIL	delay_slot	22_diffs	tuned
FUN_0600A914	-	177	-	compile_error	void_value	void value not ignored as it ought to be	tuned
FUN_0600AA98	168	189	-21	FAIL	call_encoding	117_diffs	tuned
FUN_0600AC44	168	192	-24	FAIL	call_encoding	118_diffs	tuned
FUN_0600AFB2	-	225	-	compile_error	bad_subscript	subscripted value is neither array nor pointer	tuned
FUN_0600B340	306	187	119	FAIL	call_encoding	245_diffs	tuned
FUN_0600B6A0	-	20	-	compile_error	void_value	subscripted value is neither array nor pointer	tuned
FUN_0600B914	-	75	-	compile_error	cc1_crash	subscripted value is neither array nor pointer	tuned
FUN_0600BB94	-	522	-	compile_error	void_value	void value not ignored as it ought to be	tuned
FUN_0600BF70	43	57	-14	FAIL	call_encoding	50_diffs	tuned
FUN_0600BFFC	136	10	126	FAIL	call_encoding	126_diffs	tuned
FUN_0600C218	53	55	-2	FAIL	call_encoding	16_diffs	tuned
FUN_0600C302	93	62	31	FAIL	delay_slot	91_diffs	tuned
FUN_0600C3A8	-	124	-	compile_error	invalid_deref	invalid type argument of `unary *'	tuned
FUN_0600C4F8	-	104	-	compile_error	void_value	void value not ignored as it ought to be	tuned
FUN_0600C5D6	-	176	-	compile_error	void_value	void value not ignored as it ought to be	tuned
FUN_0600C74E	-	56	-	compile_error	void_value	void value not ignored as it ought to be	tuned
FUN_0600C7D4	-	2	-	compile_error	void_value	void value not ignored as it ought to be	tuned
FUN_0600C8CC	-	2	-	compile_error	void_value	void value not ignored as it ought to be	tuned
FUN_0600C928	26	29	-3	FAIL	call_encoding	31_diffs	tuned
FUN_0600C970	18	18	0	FAIL	delay_slot	14_diffs	tuned
FUN_0600C994	-	128	-	compile_error	void_value	void value not ignored as it ought to be	tuned
FUN_0600CA96	147	114	33	FAIL	delay_slot	125_diffs	tuned
FUN_0600CB90	88	77	11	FAIL	delay_slot	81_diffs	tuned
FUN_0600CC38	141	131	10	FAIL	delay_slot	126_diffs	tuned
FUN_0600CD40	-	62	-	compile_error	void_value	void value not ignored as it ought to be	tuned
FUN_0600CDD0	-	75	-	compile_error	void_value	void value not ignored as it ought to be	tuned
FUN_0600CE66	37	41	-4	FAIL	multiply	24_diffs	tuned
FUN_0600CEBA	85	64	21	FAIL	call_encoding	65_diffs	tuned
FUN_0600CF58	166	210	-44	FAIL	call_encoding	198_diffs	tuned
FUN_0600D0B8	47	45	2	FAIL	delay_slot	42_diffs	tuned
FUN_0600D12C	99	99	0	FAIL	delay_slot	98_diffs	tuned
FUN_0600D210	52	43	9	FAIL	delay_slot	47_diffs	tuned
FUN_0600D266	2	2	0	PASS	-	-	tuned
FUN_0600D280	57	66	-9	FAIL	delay_slot	45_diffs	tuned
FUN_0600D31C	13	113	-100	FAIL	delay_slot	100_diffs	tuned
FUN_0600D336	28	26	2	FAIL	delay_slot	14_diffs	tuned
FUN_0600D37C	45	36	9	FAIL	delay_slot	29_diffs	tuned
FUN_0600D3C4	155	140	15	FAIL	delay_slot	137_diffs	tuned
FUN_0600D50C	-	279	-	compile_error	void_value	void value not ignored as it ought to be	tuned
FUN_0600D780	119	134	-15	FAIL	call_encoding	131_diffs	tuned
FUN_0600D84C	46	35	11	FAIL	delay_slot	37_diffs	tuned
FUN_0600D8A4	57	58	-1	FAIL	delay_slot	25_diffs	tuned
FUN_0600D92C	67	53	14	FAIL	delay_slot	38_diffs	tuned
FUN_0600D9BC	-	74	-	compile_error	void_value	void value not ignored as it ought to be	tuned
FUN_0600DA7C	86	140	-54	FAIL	call_encoding	126_diffs	tuned
FUN_0600DB64	-	29	-	compile_error	void_value	void value not ignored as it ought to be	tuned
FUN_0600DB9E	-	79	-	compile_error	void_value	void value not ignored as it ought to be	tuned
FUN_0600DC74	21	18	3	FAIL	call_encoding	19_diffs	tuned
FUN_0600DCC8	-	77	-	compile_error	void_value	void value not ignored as it ought to be	tuned
FUN_0600DD88	-	75	-	compile_error	void_value	void value not ignored as it ought to be	tuned
FUN_0600DE40	10	10	0	PASS	-	-	tuned
FUN_0600DE54	14	14	0	PASS	-	-	tuned
FUN_0600DE70	-	120	-	compile_error	void_value	void value not ignored as it ought to be	tuned
FUN_0600DF66	22	22	0	FAIL	call_encoding	16_diffs	tuned
FUN_0600DFD0	-	42	-	compile_error	void_value	void value not ignored as it ought to be	tuned
FUN_0600E060	-	48	-	compile_error	void_value	void value not ignored as it ought to be	tuned
FUN_0600E0C0	-	123	-	compile_error	void_value	void value not ignored as it ought to be	tuned
FUN_0600E1D4	-	135	-	compile_error	void_value	void value not ignored as it ought to be	tuned
FUN_0600E410	36	35	1	FAIL	multiply	11_diffs	tuned
FUN_0600E47C	-	59	-	compile_error	void_value	void value not ignored as it ought to be	tuned
FUN_0600E4F2	-	24	-	compile_error	void_value	void value not ignored as it ought to be	tuned
FUN_0600E71A	79	65	14	FAIL	delay_slot	50_diffs	tuned
FUN_0600E7C8	-	146	-	compile_error	cc1_crash	internal error--unrecognizable insn:	tuned
FUN_0600E906	59	66	-7	FAIL	delay_slot	45_diffs	tuned
FUN_0600E99C	39	35	4	FAIL	delay_slot	20_diffs	tuned
FUN_0600EA18	-	50	-	compile_error	cc1_crash	internal error--unrecognizable insn:	tuned
FUN_0600EB14	107	98	9	FAIL	call_encoding	55_diffs	tuned
FUN_0600EC78	861	135	726	FAIL	call_encoding	794_diffs	tuned
FUN_0600F424	-	226	-	compile_error	void_value	invalid type argument of `unary *'	tuned
FUN_0600F870	20	20	0	PASS	-	-	tuned
FUN_0600FFD0	-	103	-	compile_error	void_value	void value not ignored as it ought to be	tuned
FUN_060100A4	-	195	-	compile_error	void_value	invalid type argument of `unary *'	tuned
FUN_06010238	29	30	-1	FAIL	delay_slot	27_diffs	tuned
FUN_060102A8	34	33	1	FAIL	delay_slot	15_diffs	tuned
FUN_060102EA	67	29	38	FAIL	call_encoding	60_diffs	tuned
FUN_060103B8	62	67	-5	FAIL	call_encoding	27_diffs	tuned
FUN_06010470	49	56	-7	FAIL	call_encoding	35_diffs	tuned
FUN_060104E0	-	283	-	compile_error	void_value	invalid type argument of `unary *'	tuned
FUN_06010760	-	52	-	compile_error	void_value	void value not ignored as it ought to be	tuned
FUN_06010994	-	75	-	compile_error	invalid_deref	subscripted value is neither array nor pointer	tuned
FUN_06010A5C	22	21	1	FAIL	call_encoding	21_diffs	tuned
FUN_06010B54	-	48	-	compile_error	void_value	void value not ignored as it ought to be	tuned
FUN_06010BC4	-	190	-	compile_error	void_value	void value not ignored as it ought to be	tuned
FUN_06010D94	133	133	0	FAIL	call_encoding	54_diffs	tuned
FUN_06011094	159	164	-5	FAIL	delay_slot	125_diffs	tuned
FUN_060111E2	107	124	-17	FAIL	call_encoding	99_diffs	tuned
FUN_06011310	125	148	-23	FAIL	delay_slot	97_diffs	tuned
FUN_0601143E	13	9	4	FAIL	call_encoding	8_diffs	tuned
FUN_06011450	13	9	4	FAIL	call_encoding	8_diffs	tuned
FUN_06011494	12	12	0	FAIL	scheduling	6_diffs	tuned
FUN_060114AC	73	6	67	FAIL	call_encoding	67_diffs	tuned
FUN_0601155E	60	52	8	FAIL	call_encoding	44_diffs	tuned
FUN_0601164A	7	7	0	FAIL	1-swap	2_diffs	tuned
FUN_06011678	19	21	-2	FAIL	comparison	18_diffs	tuned
FUN_060116A8	-	10	-	compile_error	void_value	parse error before `{'	tuned
FUN_06011978	-	10	-	compile_error	void_value	void value not ignored as it ought to be	tuned
FUN_06011AF4	-	10	-	compile_error	void_value	parse error before `{'	tuned
FUN_06011DC0	60	81	-21	FAIL	delay_slot	51_diffs	tuned
FUN_06011E7C	29	28	1	FAIL	call_encoding	25_diffs	tuned
FUN_06011EB4	38	37	1	FAIL	call_encoding	33_diffs	tuned
FUN_06011F1C	48	59	-11	FAIL	delay_slot	43_diffs	tuned
FUN_06011F92	80	89	-9	FAIL	delay_slot	79_diffs	tuned
FUN_06012050	22	2	20	FAIL	call_encoding	20_diffs	tuned
FUN_06012080	16	2	14	FAIL	call_encoding	14_diffs	tuned
FUN_0601209E	19	18	1	FAIL	addressing	5_diffs	tuned
FUN_060120C8	64	2	62	FAIL	call_encoding	62_diffs	tuned
FUN_06012198	14	8	6	FAIL	call_encoding	8_diffs	tuned
FUN_060121A8	80	105	-25	FAIL	call_encoding	75_diffs	tuned
FUN_0601228A	43	32	11	FAIL	call_encoding	41_diffs	tuned
FUN_060122F4	25	25	0	FAIL	comparison	10_diffs	tuned
FUN_06012344	-	76	-	compile_error	void_value	void value not ignored as it ought to be	tuned
FUN_06012400	27	26	1	FAIL	call_encoding	11_diffs	tuned
FUN_06012450	-	2	-	compile_error	void_value	void value not ignored as it ought to be	tuned
FUN_0601250C	68	61	7	FAIL	call_encoding	35_diffs	tuned
FUN_060125D0	-	105	-	compile_error	void_value	void value not ignored as it ought to be	tuned
FUN_06012710	-	72	-	compile_error	void_value	void value not ignored as it ought to be	tuned
FUN_060127E0	-	332	-	compile_error	void_value	void value not ignored as it ought to be	tuned
FUN_06012B58	-	51	-	compile_error	void_value	void value not ignored as it ought to be	tuned
FUN_06012BDC	-	4	-	compile_error	void_value	void value not ignored as it ought to be	tuned
FUN_06012C3C	-	21	-	compile_error	void_value	void value not ignored as it ought to be	tuned
FUN_06012CF4	-	49	-	compile_error	void_value	void value not ignored as it ought to be	tuned
FUN_06012D7C	17	20	-3	FAIL	delay_slot	17_diffs	tuned
FUN_06012DB4	32	38	-6	FAIL	call_encoding	32_diffs	tuned
FUN_06012E00	4	4	0	PASS	-	-	tuned
FUN_06012E08	17	33	-16	FAIL	delay_slot	30_diffs	tuned
FUN_06012E62	4	4	0	PASS	-	-	tuned
FUN_06012E6A	9	9	0	PASS	-	-	tuned
FUN_06012E7C	4	4	0	PASS	-	-	tuned
FUN_06012E84	4	4	0	PASS	-	-	tuned
FUN_06012EBC	4	4	0	PASS	-	-	tuned
FUN_06012EC4	4	4	0	PASS	-	-	tuned
FUN_06012EDC	4	4	0	PASS	-	-	tuned
FUN_06012F00	4	4	0	PASS	-	-	tuned
FUN_06012F10	4	4	0	PASS	-	-	tuned
FUN_06012F20	4	4	0	PASS	-	-	tuned
FUN_06012F50	4	4	0	PASS	-	-	tuned
FUN_06012F58	4	4	0	PASS	-	-	tuned
FUN_06012F60	4	4	0	PASS	-	-	tuned
FUN_06012F80	1056	104	952	FAIL	call_encoding	960_diffs	tuned
FUN_0601389E	-	16	-	compile_error	invalid_deref	invalid type argument of `unary *'	tuned
FUN_06013C58	-	201	-	compile_error	void_value	void value not ignored as it ought to be	tuned
FUN_06013E12	19	17	2	FAIL	call_encoding	22_diffs	tuned
FUN_06013E3C	-	31	-	compile_error	void_value	void value not ignored as it ought to be	tuned
FUN_06013FC4	-	94	-	compile_error	void_value	void value not ignored as it ought to be	tuned
FUN_060140C4	59	2	57	FAIL	call_encoding	57_diffs	tuned
FUN_0601416C	82	83	-1	FAIL	call_encoding	49_diffs	tuned
FUN_0601424C	-	92	-	compile_error	void_value	void value not ignored as it ought to be	tuned
FUN_06014360	92	87	5	FAIL	call_encoding	53_diffs	tuned
FUN_0601444C	-	13	-	compile_error	void_value	void value not ignored as it ought to be	tuned
FUN_06014466	-	57	-	compile_error	void_value	void value not ignored as it ought to be	tuned
FUN_0601450C	-	68	-	compile_error	bad_subscript	subscripted value is neither array nor pointer	tuned
FUN_060145BC	107	130	-23	FAIL	call_encoding	119_diffs	tuned
FUN_060146D2	75	50	25	FAIL	delay_slot	47_diffs	tuned
FUN_0601476C	117	119	-2	FAIL	call_encoding	94_diffs	tuned
FUN_06014868	18	14	4	FAIL	call_encoding	16_diffs	tuned
FUN_06014884	19	15	4	FAIL	call_encoding	16_diffs	tuned
FUN_060148A2	-	32	-	compile_error	invalid_deref	invalid type argument of `unary *'	tuned
FUN_060148FC	25	24	1	FAIL	addressing	3_diffs	tuned
FUN_0601492C	25	24	1	FAIL	addressing	3_diffs	tuned
FUN_06014994	25	24	1	FAIL	addressing	3_diffs	tuned
FUN_060149CC	9	10	-1	FAIL	addressing	5_diffs	tuned
FUN_060149E0	9	10	-1	FAIL	addressing	5_diffs	tuned
FUN_06014A04	38	31	7	FAIL	multiply	19_diffs	tuned
FUN_06014A42	5	6	-1	FAIL	addressing	3_diffs	tuned
FUN_06014A74	-	165	-	compile_error	invalid_deref	invalid type argument of `unary *'	tuned
FUN_06014D2C	183	224	-41	FAIL	delay_slot	195_diffs	tuned
FUN_06014F34	-	123	-	compile_error	void_value	void value not ignored as it ought to be	tuned
FUN_06015338	-	113	-	compile_error	void_value	void value not ignored as it ought to be	tuned
FUN_06015EB8	-	113	-	compile_error	void_value	subscripted value is neither array nor pointer	tuned
FUN_06016CDC	148	5	143	FAIL	call_encoding	143_diffs	tuned
FUN_06016DD8	-	129	-	compile_error	void_value	`stack0xffffffec' undeclared (first use this function)	tuned
FUN_0601712C	-	54	-	compile_error	invalid_deref	invalid type argument of `unary *'	tuned
FUN_060171AC	114	117	-3	FAIL	delay_slot	39_diffs	tuned
FUN_060172BC	19	89	-70	FAIL	delay_slot	76_diffs	tuned
FUN_060172E4	34	36	-2	FAIL	multiply	18_diffs	tuned
FUN_06017330	42	33	9	FAIL	delay_slot	41_diffs	tuned
FUN_06017372	18	25	-7	FAIL	delay_slot	25_diffs	tuned
FUN_060173AC	-	426	-	compile_error	void_value	void value not ignored as it ought to be	tuned
FUN_0601772E	41	9	32	FAIL	call_encoding	38_diffs	tuned
FUN_06017784	97	70	27	FAIL	delay_slot	81_diffs	tuned
FUN_06017814	-	543	-	compile_error	cc1_crash	internal error--unrecognizable insn:	tuned
FUN_06017BF4	42	47	-5	FAIL	call_encoding	31_diffs	tuned
FUN_06017C78	20	18	2	FAIL	call_encoding	14_diffs	tuned
FUN_06017C9C	-	28	-	compile_error	void_value	void value not ignored as it ought to be	tuned
FUN_06017CEC	707	548	159	FAIL	call_encoding	607_diffs	tuned
FUN_06018166	139	132	7	FAIL	call_encoding	125_diffs	tuned
FUN_06018278	-	61	-	compile_error	void_value	void value not ignored as it ought to be	tuned
FUN_06018320	322	100	222	FAIL	call_encoding	310_diffs	tuned
FUN_060185D8	42	46	-4	FAIL	call_encoding	30_diffs	tuned
FUN_06018634	43	6	37	FAIL	delay_slot	39_diffs	tuned
FUN_06018A3C	-	182	-	compile_error	void_value	void value not ignored as it ought to be	tuned
FUN_06018DDC	-	33	-	compile_error	void_value	void value not ignored as it ought to be	tuned
FUN_06018E1E	-	19	-	compile_error	void_value	void value not ignored as it ought to be	tuned
FUN_06018E70	11	12	-1	FAIL	mixed	1_diffs	tuned
FUN_06018EAC	10	14	-4	FAIL	sign_ext	6_diffs	tuned
FUN_06018EC8	7	7	0	FAIL	scheduling	4_diffs	tuned
FUN_06018EE4	69	72	-3	FAIL	call_encoding	43_diffs	tuned
FUN_06018FA4	35	2	33	FAIL	call_encoding	33_diffs	tuned
FUN_06018FF8	37	2	35	FAIL	call_encoding	35_diffs	tuned
FUN_06019058	38	2	36	FAIL	call_encoding	36_diffs	tuned
FUN_060190B8	35	2	33	FAIL	call_encoding	33_diffs	tuned
FUN_060190F4	35	2	33	FAIL	call_encoding	33_diffs	tuned
FUN_0601914C	35	2	33	FAIL	call_encoding	33_diffs	tuned
FUN_06019188	35	2	33	FAIL	call_encoding	33_diffs	tuned
FUN_060191E0	38	2	36	FAIL	call_encoding	36_diffs	tuned
FUN_06019248	38	2	36	FAIL	call_encoding	36_diffs	tuned
FUN_060192B4	10	11	-1	FAIL	delay_slot	7_diffs	tuned
FUN_060192CA	15	15	0	FAIL	1-swap	2_diffs	tuned
FUN_060192E8	16	9	7	FAIL	delay_slot	13_diffs	tuned
FUN_06019324	29	29	0	FAIL	scheduling	4_diffs	tuned
FUN_0601938C	28	28	0	FAIL	addressing	8_diffs	tuned
FUN_060193F4	85	5	80	FAIL	call_encoding	82_diffs	tuned
FUN_0601950C	-	192	-	compile_error	void_value	invalid type argument of `unary *'	tuned
FUN_060196A4	-	6	-	compile_error	void_value	subscripted value is neither array nor pointer	tuned
FUN_060198E0	24	23	1	FAIL	call_encoding	15_diffs	tuned
FUN_06019928	-	126	-	compile_error	invalid_deref	invalid type argument of `unary *'	tuned
FUN_06019A48	-	187	-	compile_error	void_value	invalid type argument of `unary *'	tuned
FUN_06019BC8	-	157	-	compile_error	void_value	subscripted value is neither array nor pointer	tuned
FUN_06019DB8	-	154	-	compile_error	void_value	subscripted value is neither array nor pointer	tuned
FUN_06019FB2	-	150	-	compile_error	void_value	subscripted value is neither array nor pointer	tuned
FUN_0601A3F4	-	181	-	compile_error	bad_subscript	subscripted value is neither array nor pointer	tuned
FUN_0601A5F8	10	8	2	FAIL	delay_slot	12_diffs	tuned
FUN_0601A65E	-	108	-	compile_error	invalid_deref	invalid type argument of `unary *'	tuned
FUN_0601A73E	15	12	3	FAIL	call_encoding	13_diffs	tuned
FUN_0601A80C	133	140	-7	FAIL	delay_slot	111_diffs	tuned
FUN_0601A940	164	185	-21	FAIL	delay_slot	133_diffs	tuned
FUN_0601AB8C	29	29	0	FAIL	multiply	16_diffs	tuned
FUN_0601ABC6	62	38	24	FAIL	delay_slot	52_diffs	tuned
FUN_0601AC7C	124	6	118	FAIL	call_encoding	118_diffs	tuned
FUN_0601ADB0	73	62	11	FAIL	delay_slot	65_diffs	tuned
FUN_0601AE2C	20	9	11	FAIL	delay_slot	17_diffs	tuned
FUN_0601AE80	30	27	3	FAIL	call_encoding	19_diffs	tuned
FUN_0601AEB6	-	9	-	compile_error	invalid_deref	invalid type argument of `unary *'	tuned
FUN_0601B074	-	17	-	compile_error	void_value	void value not ignored as it ought to be	tuned
FUN_0601B09A	-	22	-	compile_error	invalid_deref	invalid type argument of `unary *'	tuned
FUN_0601B0D8	60	62	-2	FAIL	call_encoding	44_diffs	tuned
FUN_0601B160	275	8	267	FAIL	call_encoding	267_diffs	tuned
FUN_0601B418	-	33	-	compile_error	invalid_deref	invalid type argument of `unary *'	tuned
FUN_0601B6DC	111	10	101	FAIL	call_encoding	101_diffs	tuned
FUN_0601B7F4	-	280	-	compile_error	invalid_deref	invalid type argument of `unary *'	tuned
FUN_0601BA50	-	117	-	compile_error	void_value	void value not ignored as it ought to be	tuned
FUN_0601BBCC	-	8	-	compile_error	void_value	void value not ignored as it ought to be	tuned
FUN_0601BDEC	-	48	-	compile_error	void_value	void value not ignored as it ought to be	tuned
FUN_0601C3E4	-	641	-	compile_error	void_value	void value not ignored as it ought to be	tuned
FUN_0601C978	131	97	34	FAIL	call_encoding	70_diffs	tuned
FUN_0601CAEE	-	335	-	compile_error	void_value	void value not ignored as it ought to be	tuned
FUN_0601CDC0	-	147	-	compile_error	void_value	void value not ignored as it ought to be	tuned
FUN_0601CEFC	-	129	-	compile_error	void_value	void value not ignored as it ought to be	tuned
FUN_0601D014	34	33	1	FAIL	addressing	15_diffs	tuned
FUN_0601D074	37	36	1	FAIL	addressing	15_diffs	tuned
FUN_0601D0BC	16	27	-11	FAIL	multiply	27_diffs	tuned
FUN_0601D12C	196	199	-3	FAIL	call_encoding	163_diffs	tuned
FUN_0601D2DC	72	71	1	FAIL	call_encoding	29_diffs	tuned
FUN_0601D3C0	-	66	-	compile_error	invalid_deref	invalid type argument of `unary *'	tuned
FUN_0601D57C	57	47	10	FAIL	call_encoding	44_diffs	tuned
FUN_0601D5F4	143	62	81	FAIL	call_encoding	111_diffs	tuned
FUN_0601D7D0	208	101	107	FAIL	call_encoding	181_diffs	tuned
FUN_0601D9B0	-	209	-	compile_error	invalid_deref	invalid type argument of `unary *'	tuned
FUN_0601DB84	14	13	1	FAIL	delay_slot	9_diffs	tuned
FUN_0601DBB8	-	266	-	compile_error	void_value	void value not ignored as it ought to be	tuned
FUN_0601DDF6	31	23	8	FAIL	call_encoding	24_diffs	tuned
FUN_0601DE50	-	140	-	compile_error	void_value	void value not ignored as it ought to be	tuned
FUN_0601DF88	-	159	-	compile_error	void_value	void value not ignored as it ought to be	tuned
FUN_0601E0DE	2	2	0	PASS	-	-	tuned
FUN_0601E100	141	150	-9	FAIL	delay_slot	79_diffs	tuned
FUN_0601E26C	-	29	-	compile_error	void_value	void value not ignored as it ought to be	tuned
FUN_0601E2B4	72	79	-7	FAIL	call_encoding	51_diffs	tuned
FUN_0601E37C	-	130	-	compile_error	invalid_deref	invalid type argument of `unary *'	tuned
FUN_0601E488	-	2	-	compile_error	void_value	void value not ignored as it ought to be	tuned
FUN_0601E4D4	-	146	-	compile_error	void_value	void value not ignored as it ought to be	tuned
FUN_0601E6A4	-	28	-	compile_error	void_value	void value not ignored as it ought to be	tuned
FUN_0601E764	-	6	-	compile_error	void_value	void value not ignored as it ought to be	tuned
FUN_0601E810	-	156	-	compile_error	void_value	void value not ignored as it ought to be	tuned
FUN_0601E958	-	76	-	compile_error	void_value	invalid type argument of `unary *'	tuned
FUN_0601EAA0	-	26	-	compile_error	invalid_deref	invalid type argument of `unary *'	tuned
FUN_0601EB1C	-	32	-	compile_error	invalid_deref	invalid type argument of `unary *'	tuned
FUN_0601EB70	-	53	-	compile_error	invalid_deref	invalid type argument of `unary *'	tuned
FUN_0601EBDA	-	11	-	compile_error	invalid_deref	invalid type argument of `unary *'	tuned
FUN_0601EFC4	-	519	-	compile_error	invalid_deref	invalid type argument of `unary *'	tuned
FUN_0601F40C	-	44	-	compile_error	invalid_deref	invalid type argument of `unary *'	tuned
FUN_0601F4B4	97	136	-39	FAIL	multiply	111_diffs	tuned
FUN_0601F5E0	-	195	-	compile_error	void_value	void value not ignored as it ought to be	tuned
FUN_0601F784	-	137	-	compile_error	void_value	void value not ignored as it ought to be	tuned
FUN_0601F87A	18	18	0	FAIL	sign_ext	10_diffs	tuned
FUN_0601F8BC	2	2	0	PASS	-	-	tuned
FUN_0601F8C0	23	26	-3	FAIL	delay_slot	17_diffs	tuned
FUN_0601F900	27	27	0	FAIL	call_encoding	20_diffs	tuned
FUN_0601F936	-	53	-	compile_error	void_value	void value not ignored as it ought to be	tuned
FUN_0601F9CC	345	378	-33	FAIL	call_encoding	243_diffs	tuned
FUN_0601FD20	20	20	0	FAIL	scheduling	6_diffs	tuned
FUN_0601FD74	-	20	-	compile_error	invalid_deref	invalid type argument of `unary *'	tuned
FUN_0601FE20	56	59	-3	FAIL	delay_slot	15_diffs	tuned
FUN_0601FEC0	-	100	-	compile_error	void_value	void value not ignored as it ought to be	tuned
FUN_060200A4	81	83	-2	FAIL	call_encoding	32_diffs	tuned
FUN_06020366	82	83	-1	FAIL	call_encoding	77_diffs	tuned
FUN_06020414	79	14	65	FAIL	call_encoding	75_diffs	tuned
FUN_06020946	42	5	37	FAIL	call_encoding	37_diffs	tuned
FUN_06020B20	27	19	8	FAIL	multiply	26_diffs	tuned
FUN_06020BCE	28	25	3	FAIL	call_encoding	11_diffs	tuned
FUN_06020C3C	-	69	-	compile_error	void_value	void value not ignored as it ought to be	tuned
FUN_06020CF4	47	41	6	FAIL	sign_ext	26_diffs	tuned
FUN_06020D46	-	5	-	compile_error	invalid_deref	invalid type argument of `unary *'	tuned
FUN_06020DD0	13	51	-38	FAIL	comparison	42_diffs	tuned
FUN_06020DEE	34	36	-2	FAIL	multiply	18_diffs	tuned
FUN_06020E3C	23	25	-2	FAIL	delay_slot	30_diffs	tuned
FUN_06020E74	-	8	-	compile_error	void_value	void value not ignored as it ought to be	tuned
FUN_060210F6	11	14	-3	FAIL	call_encoding	11_diffs	tuned
FUN_06021128	23	23	0	FAIL	scheduling	6_diffs	tuned
FUN_06021178	-	306	-	compile_error	void_value	invalid type argument of `unary *'	tuned
FUN_06021450	-	1551	-	compile_error	cc1_crash	void value not ignored as it ought to be	tuned
FUN_06022140	-	807	-	compile_error	cc1_crash	void value not ignored as it ought to be	tuned
FUN_0602382C	-	1686	-	compile_error	void_value	void value not ignored as it ought to be	tuned
FUN_06025070	124	99	25	FAIL	delay_slot	111_diffs	tuned
FUN_06025148	124	100	24	FAIL	delay_slot	112_diffs	tuned
FUN_06025224	-	278	-	compile_error	bad_subscript	subscripted value is neither array nor pointer	tuned
FUN_06025478	-	278	-	compile_error	bad_subscript	subscripted value is neither array nor pointer	tuned
FUN_060256CC	-	636	-	compile_error	cc1_crash	void value not ignored as it ought to be	tuned
FUN_06025BF4	-	617	-	compile_error	cc1_crash	void value not ignored as it ought to be	tuned
FUN_06026110	-	213	-	compile_error	void_value	invalid type argument of `unary *'	tuned
FUN_060262C0	-	64	-	compile_error	parse_error	`switchD_06026332' undeclared (first use this function)	tuned
FUN_06026362	-	54	-	compile_error	parse_error	`switchD_060263be' undeclared (first use this function)	tuned
FUN_060263EC	-	64	-	compile_error	parse_error	`switchD_0602645e' undeclared (first use this function)	tuned
FUN_0602648E	-	54	-	compile_error	parse_error	`switchD_060264ea' undeclared (first use this function)	tuned
FUN_06026518	54	45	9	FAIL	call_encoding	51_diffs	tuned
FUN_06026590	150	156	-6	FAIL	delay_slot	116_diffs	tuned
FUN_060266CC	-	229	-	compile_error	void_value	void value not ignored as it ought to be	tuned
FUN_060268B0	-	482	-	compile_error	bad_subscript	subscripted value is neither array nor pointer	tuned
FUN_06026CA4	21	24	-3	FAIL	multiply	19_diffs	tuned
FUN_06026CE0	10	33	-23	FAIL	addressing	27_diffs	tuned
FUN_06026DBC	46	30	16	FAIL	mixed	16_diffs	tuned
FUN_06026DF8	5	5	0	PASS	-	-	tuned
FUN_06026E02	18	5	13	FAIL	addressing	15_diffs	tuned
FUN_06026E0C	17	17	0	FAIL	1-swap	2_diffs	tuned
FUN_06026E2E	297	24	273	FAIL	delay_slot	285_diffs	tuned
FUN_06026E60	67	23	44	FAIL	multiply	54_diffs	tuned
FUN_06026E94	383	35	348	FAIL	delay_slot	368_diffs	tuned
FUN_06026EDE	381	36	345	FAIL	delay_slot	365_diffs	tuned
FUN_06026F2A	381	34	347	FAIL	delay_slot	367_diffs	tuned
FUN_06026F72	660	67	593	FAIL	delay_slot	615_diffs	tuned
FUN_06026FFC	314	29	285	FAIL	delay_slot	295_diffs	tuned
FUN_06027080	46	30	16	FAIL	mixed	16_diffs	tuned
FUN_060270C6	18	5	13	FAIL	addressing	15_diffs	tuned
FUN_060270D0	17	17	0	FAIL	1-swap	2_diffs	tuned
FUN_060270F2	297	24	273	FAIL	delay_slot	285_diffs	tuned
FUN_06027124	67	23	44	FAIL	multiply	54_diffs	tuned
FUN_06027158	383	35	348	FAIL	delay_slot	368_diffs	tuned
FUN_060271A2	381	36	345	FAIL	delay_slot	365_diffs	tuned
FUN_060271EE	381	34	347	FAIL	delay_slot	367_diffs	tuned
FUN_06027344	9	9	0	FAIL	1-swap	2_diffs	tuned
FUN_06027348	7	7	0	FAIL	1-swap	2_diffs	tuned
FUN_06027358	16	15	1	FAIL	multiply	13_diffs	tuned
FUN_06027378	140	105	35	FAIL	delay_slot	151_diffs	tuned
FUN_0602744C	30	20	10	FAIL	delay_slot	32_diffs	tuned
FUN_06027476	19	17	2	FAIL	delay_slot	14_diffs	tuned
FUN_0602754C	3	3	0	PASS	-	-	tuned
FUN_06027552	-	-	-	no_expected	-	-	tuned
FUN_0602755C	9	10	-1	FAIL	multiply	3_diffs	tuned
FUN_0602760C	9	9	0	FAIL	scheduling	6_diffs	tuned
FUN_0602761E	9	9	0	FAIL	scheduling	6_diffs	tuned
FUN_06027630	9	9	0	FAIL	scheduling	6_diffs	tuned
FUN_0602766C	18	15	3	FAIL	addressing	5_diffs	tuned
FUN_06027CA4	-	260	-	compile_error	void_value	void value not ignored as it ought to be	tuned
FUN_06027EDE	295	211	84	FAIL	delay_slot	260_diffs	tuned
FUN_060280C4	21	21	0	FAIL	scheduling	6_diffs	tuned
FUN_060280F8	72	52	20	FAIL	multiply	52_diffs	tuned
FUN_060281B8	19	19	0	FAIL	scheduling	6_diffs	tuned
FUN_060282C0	41	29	12	FAIL	delay_slot	32_diffs	tuned
FUN_06028306	41	29	12	FAIL	delay_slot	32_diffs	tuned
FUN_0602834A	43	12	31	FAIL	delay_slot	33_diffs	tuned
FUN_060283B8	20	18	2	FAIL	multiply	14_diffs	tuned
FUN_060283E0	14	11	3	FAIL	delay_slot	5_diffs	tuned
FUN_06028400	37	22	15	FAIL	multiply	23_diffs	tuned
FUN_06028430	83	58	25	FAIL	delay_slot	45_diffs	tuned
FUN_060284AE	88	66	22	FAIL	delay_slot	52_diffs	tuned
FUN_0602853E	12	12	0	PASS	-	-	tuned
FUN_06028560	9	9	0	PASS	-	-	tuned
FUN_060285E0	8	8	0	FAIL	1-swap	2_diffs	tuned
FUN_06028600	8	8	0	FAIL	1-swap	2_diffs	tuned
FUN_06028654	97	101	-4	FAIL	call_encoding	84_diffs	tuned
FUN_06029BF4	-	119	-	compile_error	cc1_crash	void value not ignored as it ought to be	tuned
FUN_0602A134	-	6	-	compile_error	cc1_crash	void value not ignored as it ought to be	tuned
FUN_0602A214	-	119	-	compile_error	cc1_crash	void value not ignored as it ought to be	tuned
FUN_0602A754	-	6	-	compile_error	cc1_crash	void value not ignored as it ought to be	tuned
FUN_0602A834	-	96	-	compile_error	void_value	void value not ignored as it ought to be	tuned
FUN_0602AAA0	-	42	-	compile_error	void_value	parse error before `{'	tuned
FUN_0602AB00	-	27	-	compile_error	void_value	void value not ignored as it ought to be	tuned
FUN_0602AB3A	-	19	-	compile_error	void_value	void value not ignored as it ought to be	tuned
FUN_0602ABB8	-	96	-	compile_error	void_value	void value not ignored as it ought to be	tuned
FUN_0602AE24	-	42	-	compile_error	void_value	parse error before `{'	tuned
FUN_0602AE84	-	27	-	compile_error	void_value	void value not ignored as it ought to be	tuned
FUN_0602AEBE	-	19	-	compile_error	void_value	void value not ignored as it ought to be	tuned
FUN_0602AF3C	-	214	-	compile_error	void_value	void value not ignored as it ought to be	tuned
FUN_0602B1D6	-	57	-	compile_error	void_value	void value not ignored as it ought to be	tuned
FUN_0602B258	-	28	-	compile_error	void_value	void value not ignored as it ought to be	tuned
FUN_0602B298	-	19	-	compile_error	void_value	void value not ignored as it ought to be	tuned
FUN_0602B328	-	235	-	compile_error	cc1_crash	void value not ignored as it ought to be	tuned
FUN_0602B546	-	10	-	compile_error	cc1_crash	void value not ignored as it ought to be	tuned
FUN_0602B55A	-	2	-	compile_error	cc1_crash	void value not ignored as it ought to be	tuned
FUN_0602B55E	-	10	-	compile_error	cc1_crash	void value not ignored as it ought to be	tuned
FUN_0602B572	-	14	-	compile_error	cc1_crash	void value not ignored as it ought to be	tuned
FUN_0602B58E	-	9	-	compile_error	cc1_crash	void value not ignored as it ought to be	tuned
FUN_0602B5A2	-	12	-	compile_error	cc1_crash	void value not ignored as it ought to be	tuned
FUN_0602B5BE	-	7	-	compile_error	cc1_crash	void value not ignored as it ought to be	tuned
FUN_0602B5CE	-	2	-	compile_error	void_value	void value not ignored as it ought to be	tuned
FUN_0602B5D2	-	54	-	compile_error	void_value	void value not ignored as it ought to be	tuned
FUN_0602B8DC	-	6	-	compile_error	cc1_crash	void value not ignored as it ought to be	tuned
FUN_0602B9E0	-	167	-	compile_error	void_value	void value not ignored as it ought to be	tuned
FUN_0602BC7A	-	57	-	compile_error	void_value	void value not ignored as it ought to be	tuned
FUN_0602BCFC	-	28	-	compile_error	void_value	void value not ignored as it ought to be	tuned
FUN_0602BD3C	-	19	-	compile_error	void_value	void value not ignored as it ought to be	tuned
FUN_0602BDCC	-	121	-	compile_error	cc1_crash	void value not ignored as it ought to be	tuned
FUN_0602C380	-	6	-	compile_error	cc1_crash	void value not ignored as it ought to be	tuned
FUN_0602C494	-	234	-	compile_error	bad_subscript	subscripted value is neither array nor pointer	tuned
FUN_0602C690	-	221	-	compile_error	void_value	void value not ignored as it ought to be	tuned
FUN_0602C7FC	77	93	-16	FAIL	delay_slot	104_diffs	tuned
FUN_0602C8E2	-	189	-	compile_error	cc1_crash	void value not ignored as it ought to be	tuned
FUN_0602CA84	-	270	-	compile_error	void_value	void value not ignored as it ought to be	tuned
FUN_0602CCD0	-	13	-	compile_error	cc1_crash	internal error--unrecognizable insn:	tuned
FUN_0602CDF6	-	306	-	compile_error	cc1_crash	void value not ignored as it ought to be	tuned
FUN_0602D08A	-	430	-	compile_error	cc1_crash	void value not ignored as it ought to be	tuned
FUN_0602D43C	-	446	-	compile_error	cc1_crash	void value not ignored as it ought to be	tuned
FUN_0602D7E4	-	20	-	compile_error	cc1_crash	internal error--unrecognizable insn:	tuned
FUN_0602D814	86	11	75	FAIL	delay_slot	77_diffs	tuned
FUN_0602D82A	52	26	26	FAIL	delay_slot	48_diffs	tuned
FUN_0602D88E	2	21	-19	FAIL	call_encoding	21_diffs	tuned
FUN_0602D8BC	-	43	-	compile_error	void_value	void value not ignored as it ought to be	tuned
FUN_0602D924	-	8	-	compile_error	void_value	void value not ignored as it ought to be	tuned
FUN_0602DB00	-	85	-	compile_error	void_value	void value not ignored as it ought to be	tuned
FUN_0602DC18	-	18	-	compile_error	void_value	parse error before `{'	tuned
FUN_0602E450	-	8	-	compile_error	void_value	void value not ignored as it ought to be	tuned
FUN_0602E4BC	-	100	-	compile_error	void_value	void value not ignored as it ought to be	tuned
FUN_0602E5E4	13	12	1	FAIL	addressing	9_diffs	tuned
FUN_0602E610	-	211	-	compile_error	void_value	void value not ignored as it ought to be	tuned
FUN_0602ECCC	4	14	-10	FAIL	sign_ext	14_diffs	tuned
FUN_0602ECF2	13	8	5	FAIL	call_encoding	11_diffs	tuned
FUN_0602EFCC	15	13	2	FAIL	addressing	14_diffs	tuned
FUN_0602EFF0	43	105	-62	FAIL	call_encoding	88_diffs	tuned
FUN_0602F0E8	79	27	52	FAIL	delay_slot	62_diffs	tuned
FUN_0602F17C	-	97	-	compile_error	cc1_crash	void value not ignored as it ought to be	tuned
FUN_0602F3EC	58	39	19	FAIL	delay_slot	55_diffs	tuned
FUN_0602F474	-	27	-	compile_error	cc1_crash	internal error--unrecognizable insn:	tuned
FUN_0602F4B4	-	95	-	compile_error	void_value	void value not ignored as it ought to be	tuned
FUN_0602F5B6	-	228	-	compile_error	void_value	void value not ignored as it ought to be	tuned
FUN_0602F71C	64	64	0	FAIL	delay_slot	78_diffs	tuned
FUN_0602F7BC	38	20	18	FAIL	delay_slot	28_diffs	tuned
FUN_0602F7EA	184	4	180	FAIL	call_encoding	180_diffs	tuned
FUN_0602F99C	-	5	-	compile_error	void_value	invalid type argument of `unary *'	tuned
FUN_060302C6	271	205	66	FAIL	delay_slot	254_diffs	tuned
FUN_0603053C	251	184	67	FAIL	call_encoding	219_diffs	tuned
FUN_0603072E	20	18	2	FAIL	call_encoding	24_diffs	tuned
FUN_06030A06	-	28	-	compile_error	cc1_crash	internal error--unrecognizable insn:	tuned
FUN_06030A9C	169	68	101	FAIL	call_encoding	139_diffs	tuned
FUN_06030B68	292	270	22	FAIL	call_encoding	316_diffs	tuned
FUN_06030DFE	-	-	-	no_expected	-	-	tuned
FUN_06030EE0	14	10	4	FAIL	delay_slot	10_diffs	tuned
FUN_06030FC0	-	376	-	compile_error	void_value	void value not ignored as it ought to be	tuned
FUN_06031340	21	17	4	FAIL	delay_slot	22_diffs	tuned
FUN_0603136E	-	359	-	compile_error	void_value	void value not ignored as it ought to be	tuned
FUN_060316C4	-	357	-	compile_error	void_value	void value not ignored as it ought to be	tuned
FUN_06031A28	-	211	-	compile_error	void_value	void value not ignored as it ought to be	tuned
FUN_06031D1A	-	14	-	compile_error	void_value	void value not ignored as it ought to be	tuned
FUN_06031D8C	-	45	-	compile_error	invalid_deref	invalid type argument of `unary *'	tuned
FUN_06031DF4	-	84	-	compile_error	void_value	void value not ignored as it ought to be	tuned
FUN_060320E6	-	14	-	compile_error	void_value	void value not ignored as it ought to be	tuned
FUN_06032158	-	45	-	compile_error	invalid_deref	invalid type argument of `unary *'	tuned
FUN_060321C0	49	14	35	FAIL	call_encoding	41_diffs	tuned
FUN_0603226C	18	8	10	FAIL	call_encoding	26_diffs	tuned
FUN_060322E8	10	10	0	PASS	-	-	tuned
FUN_06032304	-	33	-	compile_error	void_value	void value not ignored as it ought to be	tuned
FUN_0603253C	26	21	5	FAIL	delay_slot	29_diffs	tuned
FUN_06032584	-	78	-	compile_error	void_value	void value not ignored as it ought to be	tuned
FUN_0603268C	-	699	-	compile_error	void_value	void value not ignored as it ought to be	tuned
FUN_06032D90	57	46	11	FAIL	multiply	41_diffs	tuned
FUN_06032E18	31	21	10	FAIL	delay_slot	28_diffs	tuned
FUN_06032E6C	22	18	4	FAIL	delay_slot	20_diffs	tuned
FUN_06032EA4	-	152	-	compile_error	void_value	void value not ignored as it ought to be	tuned
FUN_06033020	-	36	-	compile_error	invalid_deref	invalid type argument of `unary *'	tuned
FUN_0603307C	13	15	-2	FAIL	mixed	4_diffs	tuned
FUN_060330A0	66	81	-15	FAIL	call_encoding	75_diffs	tuned
FUN_0603316C	2	9	-7	FAIL	addressing	7_diffs	tuned
FUN_06033188	-	56	-	compile_error	void_value	void value not ignored as it ought to be	tuned
FUN_0603320C	52	46	6	FAIL	call_encoding	52_diffs	tuned
FUN_06033278	-	75	-	compile_error	bad_subscript	subscripted value is neither array nor pointer	tuned
FUN_06033330	-	10	-	compile_error	void_value	void value not ignored as it ought to be	tuned
FUN_06033354	-	46	-	compile_error	void_value	void value not ignored as it ought to be	tuned
FUN_060333D8	54	62	-8	FAIL	delay_slot	46_diffs	tuned
FUN_06033470	76	59	17	FAIL	delay_slot	41_diffs	tuned
FUN_06033504	10	10	0	PASS	-	-	tuned
FUN_06033520	19	19	0	FAIL	addressing	12_diffs	tuned
FUN_06033550	-	68	-	compile_error	void_value	void value not ignored as it ought to be	tuned
FUN_060335F4	-	24	-	compile_error	void_value	void value not ignored as it ought to be	tuned
FUN_06033648	-	57	-	compile_error	invalid_deref	invalid type argument of `unary *'	tuned
FUN_060336C8	2	21	-19	FAIL	delay_slot	19_diffs	tuned
FUN_060336F2	2	7	-5	FAIL	addressing	5_diffs	tuned
FUN_06033700	-	107	-	compile_error	invalid_deref	invalid type argument of `unary *'	tuned
FUN_060337FC	11	6	5	FAIL	call_encoding	9_diffs	tuned
FUN_06033AAC	105	106	-1	FAIL	call_encoding	105_diffs	tuned
FUN_06033BC8	176	28	148	FAIL	call_encoding	164_diffs	tuned
FUN_06033EA8	-	21	-	compile_error	invalid_deref	invalid type argument of `unary *'	tuned
FUN_06033F54	55	70	-15	FAIL	call_encoding	65_diffs	tuned
FUN_06034000	-	62	-	compile_error	void_value	void value not ignored as it ought to be	tuned
FUN_06034168	-	249	-	compile_error	void_value	void value not ignored as it ought to be	tuned
FUN_0603446C	14	15	-1	FAIL	delay_slot	17_diffs	tuned
FUN_0603449C	-	65	-	compile_error	void_value	`UNK_00000002' undeclared (first use this function)	tuned
FUN_06034560	13	14	-1	FAIL	multiply	17_diffs	tuned
FUN_0603458C	-	59	-	compile_error	void_value	void value not ignored as it ought to be	tuned
FUN_06034640	-	41	-	compile_error	void_value	void value not ignored as it ought to be	tuned
FUN_060346C0	51	24	27	FAIL	delay_slot	45_diffs	tuned
FUN_06034708	11	12	-1	FAIL	call_encoding	19_diffs	tuned
FUN_06034754	-	28	-	compile_error	void_value	void value not ignored as it ought to be	tuned
FUN_060347A8	63	62	1	FAIL	delay_slot	71_diffs	tuned
FUN_06034848	-	41	-	compile_error	void_value	void value not ignored as it ought to be	tuned
FUN_06034900	-	25	-	compile_error	void_value	void value not ignored as it ought to be	tuned
FUN_06034984	-	25	-	compile_error	void_value	void value not ignored as it ought to be	tuned
FUN_060349B6	7	7	0	PASS	-	-	tuned
FUN_060349C4	33	35	-2	FAIL	delay_slot	16_diffs	tuned
FUN_06034A10	33	63	-30	FAIL	delay_slot	40_diffs	tuned
FUN_06034AEE	-	42	-	compile_error	void_value	void value not ignored as it ought to be	tuned
FUN_06034B54	-	4	-	compile_error	void_value	void value not ignored as it ought to be	tuned
FUN_06034B9A	-	7	-	compile_error	void_value	void value not ignored as it ought to be	tuned
FUN_06034C48	15	16	-1	FAIL	mixed	5_diffs	tuned
FUN_06034C68	-	43	-	compile_error	void_value	void value not ignored as it ought to be	tuned
FUN_06034CC8	-	2	-	compile_error	void_value	void value not ignored as it ought to be	tuned
FUN_06034D1C	29	2	27	FAIL	call_encoding	27_diffs	tuned
FUN_06034D5E	-	66	-	compile_error	void_value	void value not ignored as it ought to be	tuned
FUN_06034DEA	24	23	1	FAIL	call_encoding	11_diffs	tuned
FUN_06034E58	58	72	-14	FAIL	delay_slot	50_diffs	tuned
FUN_06034F78	61	52	9	FAIL	delay_slot	57_diffs	tuned
FUN_06034FE0	8	13	-5	FAIL	addressing	7_diffs	tuned
FUN_06034FFC	3969	15	3954	FAIL	call_encoding	3958_diffs	tuned
FUN_060350B0	4865	23	4842	FAIL	call_encoding	4852_diffs	tuned
FUN_06035168	31	8	23	FAIL	call_encoding	25_diffs	tuned
FUN_06035228	49	28	21	FAIL	delay_slot	37_diffs	tuned
FUN_06035280	-	13	-	compile_error	bad_subscript	subscripted value is neither array nor pointer	tuned
FUN_06035340	-	30	-	compile_error	void_value	void value not ignored as it ought to be	tuned
FUN_06035438	6	7	-1	FAIL	delay_slot	5_diffs	tuned
FUN_06035460	-	49	-	compile_error	undeclared	`UNK_00000008' undeclared (first use this function)	tuned
FUN_060357B8	-	-	-	no_expected	-	-	tuned
FUN_06035844	-	-	-	no_expected	-	-	tuned
FUN_060358EC	42	38	4	FAIL	delay_slot	40_diffs	tuned
FUN_060359D2	9	4	5	FAIL	addressing	7_diffs	tuned
FUN_060359DA	6	5	1	FAIL	addressing	5_diffs	tuned
FUN_060359E4	451	137	314	FAIL	call_encoding	414_diffs	tuned
FUN_06035B34	62	70	-8	FAIL	delay_slot	92_diffs	tuned
FUN_06035BC8	33	29	4	FAIL	delay_slot	36_diffs	tuned
FUN_06035C08	-	8	-	compile_error	void_value	void value not ignored as it ought to be	tuned
FUN_06035C1C	8	8	0	FAIL	scheduling	6_diffs	tuned
FUN_06035C2C	8	13	-5	FAIL	addressing	7_diffs	tuned
FUN_06035C48	3	3	0	PASS	-	-	tuned
FUN_06035C4E	3	3	0	PASS	-	-	tuned
FUN_06035C54	11	16	-5	FAIL	sign_ext	11_diffs	tuned
FUN_06035C6E	3	3	0	PASS	-	-	tuned
FUN_06035C80	9	9	0	FAIL	1-swap	2_diffs	tuned
FUN_06035C92	5	7	-2	FAIL	sign_ext	2_diffs	tuned
FUN_06035CBC	-	49	-	compile_error	void_value	void value not ignored as it ought to be	tuned
FUN_06035D22	6	28	-22	FAIL	multiply	24_diffs	tuned
FUN_06035D5A	76	79	-3	FAIL	delay_slot	43_diffs	tuned
FUN_06035E00	19	29	-10	FAIL	delay_slot	32_diffs	tuned
FUN_06035E3C	14	17	-3	FAIL	addressing	7_diffs	tuned
FUN_06035E5E	18	16	2	FAIL	mixed	8_diffs	tuned
FUN_06035E90	-	9	-	compile_error	void_value	void value not ignored as it ought to be	tuned
FUN_06035EA2	-	19	-	compile_error	void_value	void value not ignored as it ought to be	tuned
FUN_06035EC8	-	27	-	compile_error	void_value	void value not ignored as it ought to be	tuned
FUN_06035F04	-	9	-	compile_error	void_value	void value not ignored as it ought to be	tuned
FUN_06035F16	30	16	14	FAIL	addressing	16_diffs	tuned
FUN_06035F44	2714	14	2700	FAIL	call_encoding	2706_diffs	tuned
FUN_06035FEC	57	37	20	FAIL	call_encoding	54_diffs	tuned
FUN_06036068	-	7	-	compile_error	invalid_deref	invalid type argument of `unary *'	tuned
FUN_060360FC	29	36	-7	FAIL	delay_slot	19_diffs	tuned
FUN_06036144	15	2	13	FAIL	call_encoding	13_diffs	tuned
FUN_060361FC	-	6	-	compile_error	undeclared	`_local_18' undeclared (first use this function)	tuned
FUN_060362A8	15	4	11	FAIL	call_encoding	11_diffs	tuned
FUN_06036380	15	4	11	FAIL	call_encoding	11_diffs	tuned
FUN_060363BC	-	4	-	compile_error	void_value	void value not ignored as it ought to be	tuned
FUN_06036414	15	8	7	FAIL	call_encoding	11_diffs	tuned
FUN_060364D4	15	4	11	FAIL	call_encoding	11_diffs	tuned
FUN_06036518	-	6	-	compile_error	void_value	void value not ignored as it ought to be	tuned
FUN_06036572	-	3	-	compile_error	void_value	void value not ignored as it ought to be	tuned
FUN_060365C4	15	6	9	FAIL	call_encoding	11_diffs	tuned
FUN_0603660E	21	27	-6	FAIL	addressing	8_diffs	tuned
FUN_06036650	-	23	-	compile_error	void_value	void value not ignored as it ought to be	tuned
FUN_060367E8	16	6	10	FAIL	call_encoding	12_diffs	tuned
FUN_0603683C	16	6	10	FAIL	call_encoding	12_diffs	tuned
FUN_0603697C	16	8	8	FAIL	call_encoding	12_diffs	tuned
FUN_06036A1C	-	4	-	compile_error	undeclared	`_uStack_10' undeclared (first use this function)	tuned
FUN_06036A98	-	6	-	compile_error	void_value	void value not ignored as it ought to be	tuned
FUN_06036AF2	-	3	-	compile_error	void_value	void value not ignored as it ought to be	tuned
FUN_06036BE4	3940	21	3919	FAIL	call_encoding	3925_diffs	tuned
FUN_06036CB0	123	46	77	FAIL	delay_slot	133_diffs	tuned
FUN_06036D14	-	47	-	compile_error	void_value	void value not ignored as it ought to be	tuned
FUN_06036D94	28	36	-8	FAIL	delay_slot	20_diffs	tuned
FUN_06036DDC	25	30	-5	FAIL	delay_slot	29_diffs	tuned
FUN_06036E1C	179	53	126	FAIL	call_encoding	170_diffs	tuned
FUN_06036E90	44	48	-4	FAIL	delay_slot	22_diffs	tuned
FUN_06036F0C	202	195	7	FAIL	delay_slot	137_diffs	tuned
FUN_060370C0	20	18	2	FAIL	sign_ext	6_diffs	tuned
FUN_060370E4	-	606	-	compile_error	void_value	void value not ignored as it ought to be	tuned
FUN_06037618	37	36	1	FAIL	delay_slot	21_diffs	tuned
FUN_06037660	-	1163	-	compile_error	void_value	`UNK_00000008' undeclared (first use this function)	tuned
FUN_06038044	24	18	6	FAIL	comparison	14_diffs	tuned
FUN_0603806C	-	77	-	compile_error	void_value	void value not ignored as it ought to be	tuned
FUN_06038120	202	228	-26	FAIL	delay_slot	182_diffs	tuned
FUN_06038300	226	35	191	FAIL	call_encoding	195_diffs	tuned
FUN_0603850C	10	10	0	PASS	-	-	tuned
FUN_06038520	8	9	-1	FAIL	delay_slot	3_diffs	tuned
FUN_0603853C	98	123	-25	FAIL	call_encoding	117_diffs	tuned
FUN_06038642	-	148	-	compile_error	void_value	void value not ignored as it ought to be	tuned
FUN_06038794	-	140	-	compile_error	void_value	void value not ignored as it ought to be	tuned
FUN_060388C0	78	105	-27	FAIL	call_encoding	63_diffs	tuned
FUN_060389A6	36	91	-55	FAIL	call_encoding	83_diffs	tuned
FUN_06038A48	12	14	-2	FAIL	delay_slot	6_diffs	tuned
FUN_06038A64	43	42	1	FAIL	delay_slot	51_diffs	tuned
FUN_06038AC8	81	118	-37	FAIL	call_encoding	73_diffs	tuned
FUN_06038BD4	245	294	-49	FAIL	delay_slot	183_diffs	tuned
FUN_06038E54	57	83	-26	FAIL	delay_slot	64_diffs	tuned
FUN_06038F34	16	15	1	FAIL	mixed	5_diffs	tuned
FUN_06039100	-	154	-	compile_error	parse_error	parse error before `{'	tuned
FUN_06039250	77	75	2	FAIL	multiply	50_diffs	tuned
FUN_0603931C	68	61	7	FAIL	delay_slot	51_diffs	tuned
FUN_060393FC	76	73	3	FAIL	delay_slot	69_diffs	tuned
FUN_060394C2	7	9	-2	FAIL	sign_ext	2_diffs	tuned
FUN_060394F0	10	12	-2	FAIL	delay_slot	10_diffs	tuned
FUN_0603950C	-	351	-	compile_error	invalid_deref	parse error before `{'	tuned
FUN_06039808	-	123	-	compile_error	invalid_deref	invalid type argument of `unary *'	tuned
FUN_06039FE8	15	16	-1	FAIL	delay_slot	13_diffs	tuned
FUN_0603A01C	-	58	-	compile_error	invalid_deref	invalid type argument of `unary *'	tuned
FUN_0603A0B0	-	766	-	compile_error	invalid_deref	invalid type argument of `unary *'	tuned
FUN_0603A6C0	25	29	-4	FAIL	sign_ext	20_diffs	tuned
FUN_0603A72C	29	29	0	FAIL	delay_slot	28_diffs	tuned
FUN_0603A766	24	26	-2	FAIL	sign_ext	10_diffs	tuned
FUN_0603A7B0	-	352	-	compile_error	invalid_deref	invalid type argument of `unary *'	tuned
FUN_0603AB46	-	88	-	compile_error	invalid_deref	invalid type argument of `unary *'	tuned
FUN_0603AC1C	-	102	-	compile_error	void_value	void value not ignored as it ought to be	tuned
FUN_0603ADAC	33	37	-4	FAIL	call_encoding	22_diffs	tuned
FUN_0603AE08	-	44	-	compile_error	void_value	void value not ignored as it ought to be	tuned
FUN_0603AEE8	-	78	-	compile_error	void_value	void value not ignored as it ought to be	tuned
FUN_0603AF94	24	30	-6	FAIL	call_encoding	16_diffs	tuned
FUN_0603AFD0	-	6	-	compile_error	void_value	void value not ignored as it ought to be	tuned
FUN_0603B058	-	27	-	compile_error	void_value	void value not ignored as it ought to be	tuned
FUN_0603B1B6	54	51	3	FAIL	call_encoding	39_diffs	tuned
FUN_0603B21C	47	56	-9	FAIL	call_encoding	41_diffs	tuned
FUN_0603B28E	58	63	-5	FAIL	call_encoding	47_diffs	tuned
FUN_0603B31C	54	4	50	FAIL	call_encoding	50_diffs	tuned
FUN_0603B3FA	13	17	-4	FAIL	addressing	6_diffs	tuned
FUN_0603B424	-	137	-	compile_error	void_value	void value not ignored as it ought to be	tuned
FUN_0603B734	11	12	-1	FAIL	mixed	1_diffs	tuned
FUN_0603B74C	48	44	4	FAIL	delay_slot	24_diffs	tuned
FUN_0603B7C0	-	47	-	compile_error	void_value	void value not ignored as it ought to be	tuned
FUN_0603B81E	39	24	15	FAIL	delay_slot	37_diffs	tuned
FUN_0603B878	24	24	0	FAIL	delay_slot	20_diffs	tuned
FUN_0603B8B4	-	32	-	compile_error	void_value	void value not ignored as it ought to be	tuned
FUN_0603B8F4	21	19	2	FAIL	call_encoding	16_diffs	tuned
FUN_0603B93C	-	23	-	compile_error	invalid_deref	invalid type argument of `unary *'	tuned
FUN_0603B96A	25	26	-1	FAIL	delay_slot	25_diffs	tuned
FUN_0603B9A4	24	25	-1	FAIL	addressing	13_diffs	tuned
FUN_0603B9D6	39	42	-3	FAIL	delay_slot	33_diffs	tuned
FUN_0603BA2C	-	74	-	compile_error	void_value	void value not ignored as it ought to be	tuned
FUN_0603BAC6	-	83	-	compile_error	void_value	void value not ignored as it ought to be	tuned
FUN_0603BB86	68	67	1	FAIL	call_encoding	53_diffs	tuned
FUN_0603BC12	-	56	-	compile_error	void_value	void value not ignored as it ought to be	tuned
FUN_0603BC86	-	71	-	compile_error	void_value	void value not ignored as it ought to be	tuned
FUN_0603BD1C	-	64	-	compile_error	void_value	void value not ignored as it ought to be	tuned
FUN_0603BDAC	-	49	-	compile_error	void_value	void value not ignored as it ought to be	tuned
FUN_0603BE7C	18	12	6	FAIL	call_encoding	16_diffs	tuned
FUN_0603BF22	22	24	-2	FAIL	call_encoding	18_diffs	tuned
FUN_0603BF5A	12	13	-1	FAIL	sign_ext	9_diffs	tuned
FUN_0603BF7C	32	62	-30	FAIL	sign_ext	34_diffs	tuned
FUN_0603C000	29	46	-17	FAIL	sign_ext	21_diffs	tuned
FUN_0603C05C	15	15	0	FAIL	1-swap	2_diffs	tuned
FUN_0603C08C	10	9	1	FAIL	multiply	11_diffs	tuned
FUN_0603C0A0	9	9	0	FAIL	scheduling	4_diffs	tuned
FUN_0603C104	41	4	37	FAIL	call_encoding	37_diffs	tuned
FUN_0603C156	13	18	-5	FAIL	call_encoding	21_diffs	tuned
FUN_0603C1A8	555	651	-96	FAIL	call_encoding	504_diffs	tuned
FUN_0603C728	-	638	-	compile_error	void_value	invalid type argument of `unary *'	tuned
FUN_0603CC88	66	98	-32	FAIL	call_encoding	68_diffs	tuned
FUN_0603CD5C	318	633	-315	FAIL	call_encoding	443_diffs	tuned
FUN_0603D2CC	59	2	57	FAIL	call_encoding	57_diffs	tuned
FUN_0603D3A8	-	62	-	compile_error	void_value	void value not ignored as it ought to be	tuned
FUN_0603D438	59	2	57	FAIL	call_encoding	57_diffs	tuned
FUN_0603D514	54	2	52	FAIL	call_encoding	52_diffs	tuned
FUN_0603D5D0	-	212	-	compile_error	void_value	void value not ignored as it ought to be	tuned
FUN_0603D9EC	-	58	-	compile_error	void_value	void value not ignored as it ought to be	tuned
FUN_0603DA88	-	59	-	compile_error	void_value	void value not ignored as it ought to be	tuned
FUN_0603DDFC	-	276	-	compile_error	cc1_crash	`UNK_00000001' undeclared (first use this function)	tuned
FUN_0603EACC	-	174	-	compile_error	void_value	void value not ignored as it ought to be	tuned
FUN_0603EC40	-	175	-	compile_error	void_value	void value not ignored as it ought to be	tuned
FUN_0603EDC4	185	170	15	FAIL	delay_slot	165_diffs	tuned
FUN_0603EF34	11	16	-5	FAIL	addressing	9_diffs	tuned
FUN_0603EF54	7	8	-1	FAIL	mixed	3_diffs	tuned
FUN_0603EF64	-	53	-	compile_error	void_value	void value not ignored as it ought to be	tuned
FUN_0603EFD4	8	9	-1	FAIL	addressing	5_diffs	tuned
FUN_0603F0FC	-	38	-	compile_error	void_value	void value not ignored as it ought to be	tuned
FUN_0603F148	-	70	-	compile_error	void_value	void value not ignored as it ought to be	tuned
FUN_0603F1E0	7	8	-1	FAIL	multiply	5_diffs	tuned
FUN_0603F1F0	8	9	-1	FAIL	multiply	3_diffs	tuned
FUN_0603F202	8	10	-2	FAIL	multiply	10_diffs	tuned
FUN_0603F216	10	11	-1	FAIL	multiply	7_diffs	tuned
FUN_0603F22C	-	70	-	compile_error	void_value	void value not ignored as it ought to be	tuned
FUN_0603F2E0	46	6	40	FAIL	call_encoding	42_diffs	tuned
FUN_0603F342	-	9	-	compile_error	void_value	void value not ignored as it ought to be	tuned
FUN_0603F3DA	14	14	0	FAIL	1-swap	2_diffs	tuned
FUN_0603F3F6	75	87	-12	FAIL	call_encoding	58_diffs	tuned
FUN_0603F4B0	9	9	0	PASS	-	-	tuned
FUN_0603F4CC	10	10	0	FAIL	1-swap	2_diffs	tuned
FUN_0603F4E0	16	16	0	FAIL	call_encoding	8_diffs	tuned
FUN_0603F500	16	16	0	FAIL	call_encoding	8_diffs	tuned
FUN_0603F520	9	10	-1	FAIL	mixed	3_diffs	tuned
FUN_0603F534	44	2	42	FAIL	call_encoding	42_diffs	tuned
FUN_0603F582	408	353	55	FAIL	call_encoding	317_diffs	tuned
FUN_0603F84C	75	48	27	FAIL	delay_slot	67_diffs	tuned
FUN_0603F8B8	11	11	0	FAIL	scheduling	4_diffs	tuned
FUN_0603F8EE	-	7	-	compile_error	invalid_deref	invalid type argument of `unary *'	tuned
FUN_0603F900	-	7	-	compile_error	invalid_deref	invalid type argument of `unary *'	tuned
FUN_0603F90E	-	7	-	compile_error	invalid_deref	invalid type argument of `unary *'	tuned
FUN_0603F91C	-	7	-	compile_error	invalid_deref	invalid type argument of `unary *'	tuned
FUN_0603F92C	8	8	0	PASS	-	-	tuned
FUN_0603F93C	25	6	19	FAIL	call_encoding	19_diffs	tuned
FUN_0603F970	22	2	20	FAIL	call_encoding	20_diffs	tuned
FUN_0603F9B8	16	2	14	FAIL	call_encoding	14_diffs	tuned
FUN_0603F9DA	8	12	-4	FAIL	sign_ext	6_diffs	tuned
FUN_0603F9F2	2	2	0	PASS	-	-	tuned
FUN_0603F9F6	2	2	0	PASS	-	-	tuned
FUN_0603FA00	5	7	-2	FAIL	addressing	4_diffs	tuned
FUN_0603FA1A	90	85	5	FAIL	call_encoding	59_diffs	tuned
FUN_0603FACE	-	11	-	compile_error	invalid_deref	invalid type argument of `unary *'	tuned
FUN_0603FC60	-	61	-	compile_error	void_value	void value not ignored as it ought to be	tuned
FUN_0603FCE4	-	37	-	compile_error	void_value	void value not ignored as it ought to be	tuned
FUN_0603FD40	-	115	-	compile_error	void_value	void value not ignored as it ought to be	tuned
FUN_0603FF9C	29	30	-1	FAIL	call_encoding	13_diffs	tuned
FUN_0603FFE6	16	19	-3	FAIL	delay_slot	11_diffs	tuned
FUN_0604000C	-	2	-	compile_error	void_value	void value not ignored as it ought to be	tuned
FUN_060400B4	10	17	-7	FAIL	delay_slot	17_diffs	tuned
FUN_060400D6	-	133	-	compile_error	void_value	void value not ignored as it ought to be	tuned
FUN_060401E4	2	2	0	PASS	-	-	tuned
FUN_060401F8	-	2	-	compile_error	void_value	void value not ignored as it ought to be	tuned
FUN_06040220	-	65	-	compile_error	parse_error	parse error before `{'	tuned
FUN_060405B8	-	74	-	compile_error	void_value	void value not ignored as it ought to be	tuned
FUN_06040680	10	13	-3	FAIL	delay_slot	5_diffs	tuned
FUN_06040722	-	37	-	compile_error	void_value	void value not ignored as it ought to be	tuned
FUN_0604077C	-	126	-	compile_error	void_value	parse error before `{'	tuned
FUN_060408B0	-	76	-	compile_error	void_value	void value not ignored as it ought to be	tuned
FUN_06040954	8	8	0	FAIL	1-swap	2_diffs	tuned
FUN_06040964	10	11	-1	FAIL	mixed	3_diffs	tuned
FUN_060409DE	4	4	0	PASS	-	-	tuned
FUN_060409E6	-	132	-	compile_error	void_value	void value not ignored as it ought to be	tuned
FUN_06040B32	-	99	-	compile_error	void_value	void value not ignored as it ought to be	tuned
FUN_06040C10	-	32	-	compile_error	void_value	void value not ignored as it ought to be	tuned
FUN_06040C98	-	220	-	compile_error	void_value	void value not ignored as it ought to be	tuned
FUN_06040E88	25	25	0	FAIL	delay_slot	20_diffs	tuned
FUN_06040EBA	20	23	-3	FAIL	delay_slot	17_diffs	tuned
FUN_06040EEC	28	21	7	FAIL	delay_slot	23_diffs	tuned
FUN_06040F16	55	3	52	FAIL	call_encoding	52_diffs	tuned
FUN_06040F82	-	19	-	compile_error	other	request for member `_0_1_' in something not a structure or union	tuned
FUN_06040FB8	19	25	-6	FAIL	delay_slot	14_diffs	tuned
FUN_06040FEA	15	19	-4	FAIL	delay_slot	8_diffs	tuned
FUN_06041014	11	16	-5	FAIL	delay_slot	13_diffs	tuned
FUN_06041034	-	75	-	compile_error	parse_error	parse error before `{'	tuned
FUN_06041128	38	38	0	FAIL	delay_slot	28_diffs	tuned
FUN_06041180	13	16	-3	FAIL	call_encoding	7_diffs	tuned
FUN_060411A0	-	43	-	compile_error	parse_error	parse error before `{'	tuned
FUN_06041204	39	42	-3	FAIL	delay_slot	23_diffs	tuned
FUN_06041258	-	42	-	compile_error	void_value	void value not ignored as it ought to be	tuned
FUN_060412B2	39	42	-3	FAIL	delay_slot	25_diffs	tuned
FUN_06041310	15	16	-1	FAIL	delay_slot	9_diffs	tuned
FUN_06041330	13	15	-2	FAIL	call_encoding	18_diffs	tuned
FUN_0604134E	15	20	-5	FAIL	delay_slot	11_diffs	tuned
FUN_06041470	43	42	1	FAIL	delay_slot	29_diffs	tuned
FUN_060414D0	-	124	-	compile_error	cc1_crash	internal error--unrecognizable insn:	tuned
FUN_060415C8	-	61	-	compile_error	void_value	void value not ignored as it ought to be	tuned
FUN_06041648	-	36	-	compile_error	void_value	void value not ignored as it ought to be	tuned
FUN_06041698	-	8	-	compile_error	void_value	void value not ignored as it ought to be	tuned
FUN_060417A8	55	44	11	FAIL	delay_slot	57_diffs	tuned
FUN_06041826	52	46	6	FAIL	call_encoding	76_diffs	tuned
FUN_06041884	4	4	0	PASS	-	-	tuned
FUN_0604188C	19	21	-2	FAIL	mixed	8_diffs	tuned
FUN_060418BE	-	232	-	compile_error	void_value	void value not ignored as it ought to be	tuned
FUN_06041AA0	-	72	-	compile_error	void_value	void value not ignored as it ought to be	tuned
FUN_06041B3C	-	188	-	compile_error	void_value	void value not ignored as it ought to be	tuned
FUN_06041CC8	-	72	-	compile_error	void_value	void value not ignored as it ought to be	tuned
FUN_06041D6C	-	4	-	compile_error	void_value	void value not ignored as it ought to be	tuned
FUN_06041EE8	-	191	-	compile_error	void_value	void value not ignored as it ought to be	tuned
FUN_06042088	-	75	-	compile_error	void_value	void value not ignored as it ought to be	tuned
FUN_06042134	-	218	-	compile_error	void_value	void value not ignored as it ought to be	tuned
FUN_0604231E	65	61	4	FAIL	delay_slot	30_diffs	tuned
FUN_060423CC	-	31	-	compile_error	void_value	void value not ignored as it ought to be	tuned
FUN_0604249C	24	3	21	FAIL	multiply	23_diffs	tuned
FUN_060424A2	22	15	7	FAIL	multiply	21_diffs	tuned
FUN_060429EC	-	71	-	compile_error	void_value	void value not ignored as it ought to be	tuned
FUN_06042A8C	-	31	-	compile_error	undeclared	`Onchip_DMA0R' undeclared (first use this function)	tuned
FUN_06042ACA	120	105	15	FAIL	delay_slot	103_diffs	tuned
FUN_06042BAC	7	9	-2	FAIL	mixed	2_diffs	tuned
FUN_06042BBE	8	9	-1	FAIL	mixed	3_diffs	tuned
FUN_06042BEE	6	7	-1	FAIL	mixed	1_diffs	tuned
FUN_06042BFC	-	83	-	compile_error	undeclared	`UNK_00000001' undeclared (first use this function)	tuned
initial_program	-	-	-	no_expected	-	-	tuned
main	52	48	4	FAIL	call_encoding	28_diffs	tuned
security_check	-	-	-	no_expected	-	-	tuned
